{
    "tables": {
        "customers": {
            "tableName": "customers",
            "schema": {
                "CustID": {
                    "allowNull": false,
                    "autoIncrement": true,
                    "primaryKey": true,
                    "field": "CustID",
                    "seqType": "Sequelize.INTEGER"
                },
                "FirstName": {
                    "field": "FirstName",
                    "seqType": "Sequelize.STRING"
                },
                "LastName": {
                    "field": "LastName",
                    "seqType": "Sequelize.STRING"
                },
                "Email": {
                    "field": "Email",
                    "seqType": "Sequelize.STRING"
                },
                "Address": {
                    "field": "Address",
                    "seqType": "Sequelize.STRING"
                },
                "createdAt": {
                    "field": "createdAt",
                    "seqType": "Sequelize.DATE"
                },
                "updatedAt": {
                    "field": "updatedAt",
                    "seqType": "Sequelize.DATE"
                }
            },
            "indexes": []
        },
        "employees": {
            "tableName": "employees",
            "schema": {
                "EmployeeID": {
                    "allowNull": false,
                    "autoIncrement": true,
                    "primaryKey": true,
                    "field": "EmployeeID",
                    "seqType": "Sequelize.INTEGER"
                },
                "FirstName": {
                    "field": "FirstName",
                    "seqType": "Sequelize.STRING"
                },
                "LastName": {
                    "field": "LastName",
                    "seqType": "Sequelize.STRING"
                },
                "Email": {
                    "unique": true,
                    "field": "Email",
                    "seqType": "Sequelize.STRING"
                },
                "Username": {
                    "unique": true,
                    "field": "Username",
                    "seqType": "Sequelize.STRING"
                },
                "Password": {
                    "field": "Password",
                    "seqType": "Sequelize.STRING"
                },
                "Admin": {
                    "allowNull": false,
                    "defaultValue": {
                        "value": false
                    },
                    "field": "Admin",
                    "seqType": "Sequelize.BOOLEAN"
                },
                "createdAt": {
                    "field": "createdAt",
                    "seqType": "Sequelize.DATE"
                },
                "updatedAt": {
                    "field": "updatedAt",
                    "seqType": "Sequelize.DATE"
                }
            },
            "indexes": []
        },
        "inventories": {
            "tableName": "inventories",
            "schema": {
                "id": {
                    "allowNull": false,
                    "primaryKey": true,
                    "autoIncrement": true,
                    "field": "id",
                    "seqType": "Sequelize.INTEGER"
                },
                "ProductID": {
                    "field": "ProductID",
                    "seqType": "Sequelize.INTEGER"
                },
                "ProductName": {
                    "field": "ProductName",
                    "seqType": "Sequelize.STRING"
                },
                "ProductDesc": {
                    "field": "ProductDesc",
                    "seqType": "Sequelize.STRING"
                },
                "ProductQty": {
                    "field": "ProductQty",
                    "seqType": "Sequelize.INTEGER"
                },
                "ProductPrice": {
                    "field": "ProductPrice",
                    "seqType": "Sequelize.INTEGER"
                },
                "createdAt": {
                    "allowNull": false,
                    "field": "createdAt",
                    "seqType": "Sequelize.DATE"
                },
                "updatedAt": {
                    "allowNull": false,
                    "field": "updatedAt",
                    "seqType": "Sequelize.DATE"
                }
            },
            "indexes": []
        }
    },
    "revision": 3
}